number,data_provider_code,data_provider_description,data_provider_priority,effective_date,issue_date,maturity_date,origination_death_benefit,carrier_name,name_1,gender_1,birth_date_1,name_2,gender_2,birth_date_2
PAD24GXSCY,POP,Popular Underwriting,3,,,,1500000.0,AG,Robert Moreno,F,1951-11-24,,,
EQXR83O6V5,GRT,Great Underwriting,1,1997-06-14,1997-06-14,2027-06-14,1500000.0,American General,Robert Moreno,F,1951-11-24,,,
GMWW2P9TVR,NIC,Nice Underwriting,2,1997-05-10,1997-05-10,,1500000.0,American General,Robert Moreno,F,1951-11-24,,,
TQJ253PFNF,POP,Popular Underwriting,3,,2005-11-24,,5500000.0,AG,Debbie Stelling,F,1957-05-25,,,
92PPJWHST9,GRT,Great Underwriting,1,2005-11-24,2005-11-24,2044-11-24,5500000.0,American General,Debbie Stelling,F,1957-05-25,,,
L3IQ4I4E7D,NIC,Nice Underwriting,2,2005-11-24,2005-11-24,,5500000.0,American General,Debbie Stelling,F,1957-05-25,,,
T9RF33ZEW2,POP,Popular Underwriting,3,,2006-05-29,,5500000.0,AG,Nina Inouye,F,1951-10-29,,,
F7UWFTMNG3,GRT,Great Underwriting,1,2006-05-29,2006-05-29,2035-05-29,5500000.0,American General,Nina Inouye,F,1951-10-29,,,
K9KEPMX6NY,GRT,Great Underwriting,1,2006-05-29,2006-05-29,2035-05-29,5500000.0,American General,Nina Inouye,F,1951-10-29,,,
JZGC6K4T8K,GRT,Great Underwriting,1,2006-03-05,2006-03-05,2035-03-05,1500000.0,American General,Jean Davis,F,1957-06-29,,,
TITR0WJ9H8,GRT,Great Underwriting,1,2006-03-05,2006-03-05,2035-03-05,1500000.0,American General,Jean Davis,F,1957-06-29,,,
GTQ8JQ9Y5C,NIC,Nice Underwriting,2,2006-03-05,2006-03-05,,1500000.0,American General,Jean Davis,F,1957-06-29,,,
N26G23RTF0,GRT,Great Underwriting,1,2006-03-01,2006-03-01,2038-03-01,1000000.0,American General,Mary Getty,M,1938-04-22,,,
HQCM8XKHK3,GRT,Great Underwriting,1,2006-03-01,2006-03-01,2038-03-01,1000000.0,American General,Mary Getty,M,1938-04-22,,,
MN3NQWO6ME,NIC,Nice Underwriting,2,2006-03-01,2006-03-01,,1000000.0,American General,Mary Getty,M,1938-04-22,,,
ZDYOUUCQWE,GRT,Great Underwriting,1,2003-07-14,2003-07-14,2026-07-14,5500000.0,American General,Nelson Bonifer,F,1942-10-04,,,
2C6W8R5D92,GRT,Great Underwriting,1,2003-07-14,2003-07-14,2026-07-14,5500000.0,American General,Nelson Bonifer,F,1942-10-04,,,
WCJWHAYMDR,NIC,Nice Underwriting,2,2003-07-14,2003-07-14,,5500000.0,American General,Nelson Bonifer,F,1942-10-04,,,
W7LG2JR9L5,GRT,Great Underwriting,1,2003-07-14,2003-07-14,2026-07-14,5500000.0,American General,Nelson Bonifer,F,1942-10-04,,,
ZHVC7NBSDI,NIC,Nice Underwriting,2,2003-12-18,2003-12-18,,1500000.0,American General,Edward Dale,F,1937-03-21,,,
YCFKVK3QPW,GRT,Great Underwriting,1,2003-12-18,2002-12-18,2036-12-18,1500000.0,American General,Edward Dale,F,1937-03-21,,,
F4VAHPZG13,GRT,Great Underwriting,1,2003-12-18,2002-12-18,2036-12-18,1500000.0,American General,Edward Dale,F,1937-03-21,,,
EP2WZBQD6K,GRT,Great Underwriting,1,2003-12-18,2003-12-18,2036-12-18,1500000.0,American General,Edward Dale,F,1937-03-21,,,
1P3PTDPLU2,GRT,Great Underwriting,1,2005-12-20,2005-12-20,2028-12-20,4500000.0,American General,Eve Deck,M,1953-09-21,,,
UIXPVM1WZ7,GRT,Great Underwriting,1,2005-12-20,2005-12-20,2028-12-20,4500000.0,American General,Eve Deck,M,1953-09-21,,,
VKNH8JL31N,GRT,Great Underwriting,1,2005-12-20,2005-12-20,2028-12-20,4500000.0,American General,Eve Deck,M,1953-09-21,,,
RCBD8W94O,POP,Popular Underwriting,3,,2006-05-02,,5500000.0,AXA,Robert Harris,F,1957-05-25,,,
W8BP7CAB5,GRT,Great Underwriting,1,2006-05-04,2006-05-04,2051-05-04,5500000.0,Equitable Financial,Robert Harris,F,1957-05-25,,,
C4FQMO5EQ,GRT,Great Underwriting,1,2006-05-04,2006-05-04,2051-05-04,5500000.0,Equitable Financial,Robert Harris,F,1957-05-25,,,
34XVQLZJR,POP,Popular Underwriting,3,,2006-07-23,,10500000.0,AXA,Albert Griffin,M,1953-11-18,,,
IBOJOC8JG,NIC,Nice Underwriting,2,2006-07-23,2006-07-23,,10500000.0,AXA Equitable,Albert Griffin,M,1953-11-18,,,
LK4P5TWN8,GRT,Great Underwriting,1,2006-07-23,2006-10-18,2100-03-12,10500000.0,Equitable Financial,Albert Griffin,M,1953-11-18,,,
CMBZNVP85,POP,Popular Underwriting,3,,,,10500000.0,AXA,Helen Morter,F,1959-08-13,,,
9S2X0ASBY,NIC,Nice Underwriting,2,2007-09-23,2007-09-23,,10500000.0,AXA Equitable,Helen Morter,F,1959-08-13,,,
PGC814232,GRT,Great Underwriting,1,2007-09-23,2007-11-01,2052-09-23,10500000.0,Equitable Financial,Helen Morter,F,1959-08-13,,,
39P5US9FE,POP,Popular Underwriting,3,,2008-02-27,,2000000.0,AXA,Bradley Martin,F,1933-08-29,,,
ZMAF7XKDD,NIC,Nice Underwriting,2,2008-03-20,2008-03-20,,2000000.0,AXA Equitable,Bradley Martin,F,1933-08-29,,,
IPZY2ETRE,GRT,Great Underwriting,1,2008-03-20,2008-02-27,2045-03-21,2000000.0,Equitable Financial,Bradley Martin,F,1933-08-29,,,
SLVHAA68M,GRT,Great Underwriting,1,2008-03-20,2008-02-27,2045-03-21,2000000.0,Equitable Financial,Bradley Martin,F,1933-08-29,,,
0XEUUBR28,GRT,Great Underwriting,1,2008-03-20,2008-02-27,2045-03-21,2000000.0,Equitable Financial,Bradley Martin,F,1933-08-29,,,
XKMKOUN94,GRT,Great Underwriting,1,2008-03-20,2008-02-27,2045-02-27,2000000.0,Equitable Financial,Bradley Martin,F,1933-08-29,,,
DTX7FK5DN,POP,Popular Underwriting,3,,2009-08-11,,3500000.0,AXA,Jodie Martinez,M,1956-12-02,,,
AQ7BE63J1,NIC,Nice Underwriting,2,2009-08-11,2009-08-11,,3500000.0,AXA Equitable,Jodie Martinez,M,1956-12-02,,,
SHXP3O68S,GRT,Great Underwriting,1,2009-08-11,2009-11-06,2049-08-11,3500000.0,Equitable Financial,Jodie Martinez,M,1956-12-02,,,
PBIHXGF2U,GRT,Great Underwriting,1,2009-08-11,2009-11-06,2049-08-11,3500000.0,Equitable Financial,Jodie Martinez,M,1956-12-02,,,
UQLHJCQO7,NIC,Nice Underwriting,2,2006-04-05,2006-04-05,,2500000.0,AXA Equitable,Thomas Thruman,M,1948-09-03,,,
J5HDLWOLG,GRT,Great Underwriting,1,2006-02-19,2006-04-05,2060-02-19,2500000.0,Equitable Financial,Thomas Thruman,M,1948-09-03,,,
Z62DJD8OK,GRT,Great Underwriting,1,2006-02-19,2006-04-05,2060-02-19,2500000.0,Equitable Financial,Thomas Thruman,M,1948-09-03,,,
BOJKZTTIB,GRT,Great Underwriting,1,2006-02-19,2006-04-05,2060-02-19,2500000.0,Equitable Financial,Thomas Thruman,M,1948-09-03,,,
J1L24PCC6,NIC,Nice Underwriting,2,2006-08-17,2006-08-17,,3500000.0,AXA Equitable,Teddy Livingston,M,1954-10-24,,,
RY19HGV0K,GRT,Great Underwriting,1,2006-08-17,2006-08-03,2044-08-17,3500000.0,Equitable Financial,Teddy Livingston,M,1954-10-24,,,
UGSY1JMO1,GRT,Great Underwriting,1,2006-08-17,2006-08-03,2044-08-17,3500000.0,Equitable Financial,Teddy Livingston,M,1954-10-24,,,
N3M2CD7TI,NIC,Nice Underwriting,2,2006-08-13,2006-08-13,,3500000.0,AXA Equitable,Rebecca Wagnon,F,1953-10-12,,,
EA9C3CUAI,GRT,Great Underwriting,1,2006-08-13,2006-09-15,2049-08-13,3500000.0,Equitable Financial,Rebecca Wagnon,F,1953-10-12,,,
VH1UUUIEM,GRT,Great Underwriting,1,2006-08-13,2006-09-15,2049-08-13,3500000.0,Equitable Financial,Rebecca Wagnon,F,1953-10-12,,,
21OSI404U,NIC,Nice Underwriting,2,2007-05-03,2007-05-03,,5500000.0,AXA Equitable,Kenneth Valadez,F,1957-10-10,,,
FGOWXYE9O,GRT,Great Underwriting,1,2007-05-01,2007-05-03,2048-04-30,5500000.0,Equitable Financial,Kenneth Valadez,F,1957-10-10,,,
JWVAVN7BG,GRT,Great Underwriting,1,2007-05-01,2007-05-03,2048-04-30,5500000.0,Equitable Financial,Kenneth Valadez,F,1957-10-10,,,
LSERAZ449,NIC,Nice Underwriting,2,2007-06-24,2007-06-24,,1000000.0,AXA Equitable,Mary Jones,M,1943-07-06,,,
JVYMJN8KX,GRT,Great Underwriting,1,2007-06-24,2007-06-24,2046-06-24,1000000.0,Equitable Financial,Mary Jones,M,1943-07-06,,,
NXCPIGNKI,GRT,Great Underwriting,1,2007-06-24,2007-06-24,2046-06-24,1000000.0,Equitable Financial,Mary Jones,M,1943-07-06,,,
I5WLNNNCW,GRT,Great Underwriting,1,2007-06-24,2007-06-24,2046-06-24,1000000.0,Equitable Financial,Mary Jones,M,1943-07-06,,,
51LLQAQXE0RC,GRT,Great Underwriting,1,2007-08-21,2007-08-16,2054-08-21,8900000.0,Brighthouse Financial,Jami Wills,F,1931-10-23,Ira Brunson,F,1936-03-29
R03S3J12ADO6,GRT,Great Underwriting,1,2007-08-21,2007-08-16,2054-08-21,8900000.0,Brighthouse Financial,Jami Wills,F,1931-10-23,Ira Brunson,F,1936-03-29
G90GG4LAAWVD,NIC,Nice Underwriting,2,2007-08-21,2007-08-21,,8900000.0,MetLife Investors,Jami Wills,F,1931-10-23,Ira Brunson,F,1936-03-29
7Q1FQLT,NIC,Nice Underwriting,2,1998-07-29,1998-07-29,,5500000.0,CM Life,Dwayne Pope,F,1947-09-23,,,
NT93BGS,NIC,Nice Underwriting,2,1998-07-29,1998-07-29,,5500000.0,CM Life,Dwayne Pope,F,1947-09-23,,,
WFBV7GM,NIC,Nice Underwriting,2,1998-07-29,1998-07-29,,5500000.0,CM Life,Dwayne Pope,F,1947-09-23,,,
L7L77ICWXJ,POP,Popular Underwriting,3,,2007-09-19,,4500000.0,Columbus,Robert Baker,M,1938-03-10,,,
LKIYMAI4RN,GRT,Great Underwriting,1,2007-09-19,2007-09-19,,4500000.0,Columbus Life,Robert Baker,M,1938-03-10,,,
1STF1AF8HM,NIC,Nice Underwriting,2,2007-09-19,2007-09-19,,4500000.0,Columbus Life,Robert Baker,M,1938-03-10,,,
57YPPRPPH4,POP,Popular Underwriting,3,,2007-05-25,,2000000.0,Columbus,Janelle Walke,M,1938-11-19,,,
BHCWXRYNG6,GRT,Great Underwriting,1,2007-05-25,2007-05-25,,2000000.0,Columbus Life,Janelle Walke,M,1938-11-19,,,
BTPZAHC4CH,NIC,Nice Underwriting,2,2007-05-25,2007-05-25,,2000000.0,Columbus Life,Janelle Walke,M,1938-11-19,,,
H6ZNP0NJ8L,NIC,Nice Underwriting,2,1992-07-07,1992-07-07,,800000.0,Conseco Life,Dorothy Vessels,M,1944-09-22,,,
REJEY190F1,GRT,Great Underwriting,1,1992-07-07,1992-07-07,2034-07-07,800000.0,Wilco Life,Dorothy Vessels,M,1944-09-22,,,
P7QL7AA6QT,GRT,Great Underwriting,1,1992-07-07,1992-07-07,2034-07-07,800000.0,Wilco Life,Dorothy Vessels,M,1944-09-22,,,
D6OCZHK,NIC,Nice Underwriting,2,2002-06-03,2002-06-03,,871041.0,General American,Johnny Mckoan,F,1942-12-26,,,
DKFXMXM,NIC,Nice Underwriting,2,2002-06-03,2002-06-03,,871041.0,General American,Johnny Mckoan,F,1942-12-26,,,
SRC54ZJ,NIC,Nice Underwriting,2,2002-06-03,2002-06-03,,871041.0,General American,Johnny Mckoan,F,1942-12-26,,,
65Y4H9HQ,NIC,Nice Underwriting,2,1995-07-10,1995-07-10,,3750000.0,Great-West Life,Shannon Janecka,F,1945-06-15,,,
BHNZJB2O,NIC,Nice Underwriting,2,1995-07-10,1995-07-10,,3750000.0,Great-West Life,Shannon Janecka,F,1945-06-15,,,
LBXZUGC9,POP,Popular Underwriting,3,,1995-07-10,,3750000.0,,Shannon Janecka,F,1945-06-15,,,
U1I9SE8X,POP,Popular Underwriting,3,,2007-12-26,,3500000.0,Hancock,Jeremy Rigsby,M,1959-05-12,,,
S2AF7I49,NIC,Nice Underwriting,2,2007-12-26,2007-12-26,,3500000.0,John Hancock,Jeremy Rigsby,M,1959-05-12,,,
3H6DVHPC,GRT,Great Underwriting,1,2007-12-26,2007-12-20,2057-12-26,3500000.0,John Hancock,Jeremy Rigsby,M,1959-05-12,,,
6K34T8J5,GRT,Great Underwriting,1,2007-12-26,2007-12-20,2057-12-26,3500000.0,John Hancock,Jeremy Rigsby,M,1959-05-12,,,
NJCXZ3I4,POP,Popular Underwriting,3,,2007-12-10,,10500000.0,Hancock,Crystal Rheaume,M,1951-07-20,,,
BADDV7ZR,GRT,Great Underwriting,1,2007-12-10,2008-02-13,2057-12-10,10500000.0,John Hancock,Crystal Rheaume,M,1951-07-20,,,
UYI1WUHE,GRT,Great Underwriting,1,2007-12-10,2008-02-13,2057-12-10,10500000.0,John Hancock,Crystal Rheaume,M,1951-07-20,,,
KYJ25MZH,GRT,Great Underwriting,1,2007-12-10,2008-02-13,2058-12-10,10500000.0,John Hancock,Crystal Rheaume,M,1951-07-20,,,
CQL6UX6T,NIC,Nice Underwriting,2,2007-12-10,2007-12-10,,10500000.0,John Hancock,Crystal Rheaume,M,1951-07-20,,,
QRQWFG6X,POP,Popular Underwriting,3,,,,3500000.0,Hancock,Noah Skaggs,F,1936-12-20,,,
544K2KLZ,NIC,Nice Underwriting,2,2008-07-02,2008-07-02,,3500000.0,John Hancock,Noah Skaggs,F,1936-12-20,,,
LCKJSEMY,GRT,Great Underwriting,1,2008-07-02,2008-07-04,2100-03-12,3500000.0,John Hancock,Noah Skaggs,F,1936-12-20,,,
QECQEHO,POP,Popular Underwriting,3,,2006-08-04,,10500000.0,Hancock,Edgar Foley,F,1932-07-10,,,
MT7UF66,GRT,Great Underwriting,1,2006-08-04,2006-08-04,,10500000.0,John Hancock,Edgar Foley,F,1932-07-10,,,
KRZTWGA,NIC,Nice Underwriting,2,2006-08-04,2006-08-04,,10500000.0,John Hancock,Edgar Foley,F,1932-07-10,,,
N0LI3OVD,POP,Popular Underwriting,3,,2005-12-27,,2000000.0,Hancock,Jean Malina,M,1955-06-16,,,
6K5PTC5B,POP,Popular Underwriting,3,,2008-12-27,,2500000.0,Hancock,Jean Malina,M,1955-06-16,,,
N26A7R2J,NIC,Nice Underwriting,2,2005-12-27,2005-12-27,,2500000.0,John Hancock,Jean Malina,M,1955-06-16,,,
ER0EPGINE,NIC,Nice Underwriting,2,1996-12-09,1996-12-09,,1137011.0,Hartford Life,Ana Hodge,F,1936-04-12,Linda Colten,F,1934-12-04
HMGWRLYO7,NIC,Nice Underwriting,2,1996-12-09,1996-12-09,,1137011.0,Hartford Life,Ana Hodge,F,1936-04-12,Linda Colten,F,1934-12-04
HRPQGOEHE,GRT,Great Underwriting,1,1996-08-30,1996-12-09,2031-08-30,1137011.0,Talcott Resolution,Ana Hodge,F,1936-04-12,Linda Colten,F,1934-12-04
ICOAV90,POP,Popular Underwriting,3,,,,3500000.0,ING,Joann Reed,M,1955-12-21,,,
4FKDOG7,NIC,Nice Underwriting,2,2007-02-28,2007-02-28,,3500000.0,Security Life,Joann Reed,M,1955-12-21,,,
YKBBIH3,NIC,Nice Underwriting,2,2007-02-28,2007-02-28,,3500000.0,Security Life,Joann Reed,M,1955-12-21,,,
MOG3EVR,POP,Popular Underwriting,3,,2005-03-30,,2500000.0,ING,David Burford,F,1938-12-21,,,
TWM3KUT,GRT,Great Underwriting,1,2005-03-30,2005-03-30,2038-03-30,2500000.0,Security Life,David Burford,F,1938-12-21,,,
M8R7AY3,GRT,Great Underwriting,1,2005-03-30,2005-03-30,2038-03-30,2500000.0,Security Life,David Burford,F,1938-12-21,,,
UKJJL20,GRT,Great Underwriting,1,2005-03-31,2005-03-30,2048-03-30,6500000.0,Security Life,David Burford,F,1938-12-21,,,
HJZ8UBH,NIC,Nice Underwriting,2,2005-03-30,2005-03-30,,2500000.0,Security Life,David Burford,F,1938-12-21,,,
781XD39FE6,GRT,Great Underwriting,1,1997-09-13,1997-09-13,2031-09-13,750000.0,Jackson National,Nancy Garner,M,1955-12-22,,,
EZZ839NQP4,GRT,Great Underwriting,1,1997-09-13,1997-09-13,2031-09-13,750000.0,Jackson National,Nancy Garner,M,1955-12-22,,,
BT19GRXFQH,NIC,Nice Underwriting,2,1997-09-13,1997-09-13,,750000.0,Valley Forge,Nancy Garner,M,1955-12-22,,,
3C7PSCJ,NIC,Nice Underwriting,2,1989-02-22,1989-02-22,,1000000.0,Jefferson Pilot,Kenneth Valdez,M,1941-12-20,Gertrude Lapointe,M,1935-11-08
7ZTKKGB,GRT,Great Underwriting,1,1989-02-22,1989-02-22,2031-02-22,1000000.0,Lincoln National,Kenneth Valdez,M,1941-12-20,Gertrude Lapointe,M,1935-11-08
VYLO4B4,GRT,Great Underwriting,1,1989-02-22,1989-02-22,2031-02-22,1000000.0,Lincoln National,Kenneth Valdez,M,1941-12-20,Gertrude Lapointe,M,1935-11-08
FF69HBI,GRT,Great Underwriting,1,1989-02-22,1989-02-22,2031-02-22,1000000.0,Lincoln National,Kenneth Valdez,M,1941-12-20,Gertrude Lapointe,M,1935-11-08
O851D6M,GRT,Great Underwriting,1,2006-08-02,2006-08-02,2042-08-02,6492000.0,John Hancock,Kelly Gutsche,M,1931-07-11,,,
R1Z377L,GRT,Great Underwriting,1,2006-08-02,2006-08-02,2042-08-02,6492000.0,John Hancock,Kelly Gutsche,M,1931-07-11,,,
KJPMXPW,NIC,Nice Underwriting,2,2006-08-02,2006-08-02,,6492000.0,John Hancock,Kelly Gutsche,M,1931-07-11,,,
ZYEKBVHS3,GRT,Great Underwriting,1,2006-12-01,2006-12-01,2065-12-01,8500000.0,John Hancock,Kathleen Garcia,M,1934-01-29,,,
OE0NISIEZ,GRT,Great Underwriting,1,2006-12-01,2006-12-01,2065-12-01,8500000.0,John Hancock,Kathleen Garcia,M,1934-01-29,,,
M3NDN28PJ,GRT,Great Underwriting,1,2006-12-01,2006-12-01,2065-12-01,8500000.0,John Hancock,Kathleen Garcia,M,1934-01-29,,,
B6ECFH3Z,GRT,Great Underwriting,1,2004-01-02,2003-10-17,2056-01-02,1600000.0,John Hancock,Suzanne Watson,F,1931-08-18,,,
RLS69IMO,GRT,Great Underwriting,1,2004-01-02,2003-10-17,2056-01-02,1600000.0,John Hancock,Suzanne Watson,F,1931-08-18,,,
64FHUWCF,NIC,Nice Underwriting,2,2004-01-02,2004-01-02,,1600000.0,John Hancock,Suzanne Watson,F,1931-08-18,,,
E1Y8EF2F,GRT,Great Underwriting,1,2003-09-09,2003-09-09,2045-09-09,9000000.0,John Hancock,Elizabeth Cruz,F,1957-11-17,,,
OZ3HQZE7,GRT,Great Underwriting,1,2003-09-09,2003-09-09,2045-09-09,9000000.0,John Hancock,Elizabeth Cruz,F,1957-11-17,,,
KTTB625Q,NIC,Nice Underwriting,2,2003-09-09,2003-09-09,,5970528.0,John Hancock,Elizabeth Cruz,F,1957-11-17,,,
0BJE77BXZ,POP,Popular Underwriting,3,,2007-07-03,,6500000.0,JP,Krissy Edwards,F,1939-07-30,,,
Q5WTPFMGS,GRT,Great Underwriting,1,2007-07-03,2007-07-03,2049-07-03,6500000.0,Lincoln National,Krissy Edwards,F,1939-07-30,,,
OJ04NV474,NIC,Nice Underwriting,2,2007-07-03,2007-07-03,,6500000.0,Lincoln National,Krissy Edwards,F,1939-07-30,,,
UCE8OVXEQ,POP,Popular Underwriting,3,,,,10500000.0,JP,Anthony Hodges,M,1949-09-29,,,
R4MO9Z968,POP,Popular Underwriting,3,,2007-04-13,,10500000.0,JP,Anthony Hodges,M,1949-09-29,,,
9RSRWPH8L,NIC,Nice Underwriting,2,2007-04-13,2007-04-13,,10500000.0,Lincoln National,Anthony Hodges,M,1949-09-29,,,
JVYFP01GF,POP,Popular Underwriting,3,,,,10500000.0,LBL,Stephanie Matlock,F,1949-05-08,,,
HD8NMDFT4,NIC,Nice Underwriting,2,2007-11-20,2007-11-20,,10500000.0,Lincoln Benefit,Stephanie Matlock,F,1949-05-08,,,
44VZEPDBW,NIC,Nice Underwriting,2,2007-11-06,2007-11-06,,10500000.0,Lincoln Benefit,Stephanie Matlock,F,1949-05-08,,,
YUFW95739,POP,Popular Underwriting,3,,2007-08-10,,2000000.0,Lincoln,Kathrine Toro,M,1935-09-02,,,
LS0Y91070,GRT,Great Underwriting,1,2007-08-10,2007-08-10,2050-08-10,2000000.0,Lincoln Life,Kathrine Toro,M,1935-09-02,,,
Y28037XES,GRT,Great Underwriting,1,2007-08-10,2007-08-10,2050-08-10,2000000.0,Lincoln Life,Kathrine Toro,M,1935-09-02,,,
ITAKHKSM7,POP,Popular Underwriting,3,,,,2500000.0,Lincoln,Joseph Brown,M,1951-12-23,,,
1WZA3UTPW,NIC,Nice Underwriting,2,2009-12-23,2009-12-23,,2500000.0,Lincoln National,Joseph Brown,M,1951-12-23,,,
RGZE6YO5E,GRT,Great Underwriting,1,2009-12-23,2010-03-16,2100-03-12,2500000.0,Lincoln National,Joseph Brown,M,1951-12-23,,,
Z2VDDIU0J,POP,Popular Underwriting,3,,2009-03-10,,4500000.0,Lincoln,Alden Hermosillo,F,1948-09-07,,,
8AETZEA76,GRT,Great Underwriting,1,2009-03-25,2009-03-10,2050-03-25,4500000.0,Lincoln National,Alden Hermosillo,F,1948-09-07,,,
54PDBINC4,GRT,Great Underwriting,1,2009-03-25,2009-03-10,2050-03-25,4500000.0,Lincoln National,Alden Hermosillo,F,1948-09-07,,,
8YO7EY7GD,GRT,Great Underwriting,1,2009-03-25,2009-03-10,2050-03-25,4500000.0,Lincoln National,Alden Hermosillo,F,1948-09-07,,,
VC6DXD32G,GRT,Great Underwriting,1,2009-03-10,2009-03-10,2050-03-10,4500000.0,Lincoln National,Alden Hermosillo,F,1948-09-07,,,
4RX058T,POP,Popular Underwriting,3,,,,3500000.0,Lincoln,Barry Wright,F,1941-12-12,,,
IOU3Q0N,NIC,Nice Underwriting,2,2005-06-14,2005-06-14,,3500000.0,Lincoln National,Barry Wright,F,1941-12-12,,,
Q159ZIH,GRT,Great Underwriting,1,2005-06-14,2005-06-14,2046-06-14,3500000.0,Lincoln National,Barry Wright,F,1941-12-12,,,
Q45DCQO,GRT,Great Underwriting,1,2005-06-14,2005-06-14,2046-06-14,3500000.0,Lincoln National,Barry Wright,F,1941-12-12,,,
VMN6X18PI,NIC,Nice Underwriting,2,2001-06-01,2001-06-01,,2500000.0,Lincoln Benefit,William Siegfried,F,1943-12-20,,,
SMNZWGQ1H,NIC,Nice Underwriting,2,2001-06-01,2001-06-01,,2500000.0,Lincoln Benefit,William Siegfried,F,1943-12-20,,,
M6NPKQZ6J,NIC,Nice Underwriting,2,2001-06-01,2001-06-01,,2500000.0,Lincoln Benefit,William Siegfried,F,1943-12-20,,,
STJ61XP3L,NIC,Nice Underwriting,2,2007-11-13,2007-11-13,,5500000.0,Lincoln Benefit,Carolyn Padilla,F,1953-11-25,,,
2WDXBOEP9,GRT,Great Underwriting,1,2007-11-13,2007-11-01,2041-11-13,5500000.0,Lincoln Benefit,Carolyn Padilla,F,1953-11-25,,,
Y8U7XASQO,GRT,Great Underwriting,1,2007-11-13,2007-11-01,2041-11-13,5500000.0,Lincoln Benefit,Carolyn Padilla,F,1953-11-25,,,
L4E81R2ND,GRT,Great Underwriting,1,2005-12-27,2005-12-27,2049-12-27,4500000.0,Lincoln Benefit,Johnny Kirklin,M,1945-05-20,,,
BRQEO789D,GRT,Great Underwriting,1,2005-12-27,2005-12-27,2049-12-27,4500000.0,Lincoln Benefit,Johnny Kirklin,M,1945-05-20,,,
U5F88IBVC,GRT,Great Underwriting,1,2005-12-27,2005-12-27,2049-12-27,4500000.0,Lincoln Benefit,Johnny Kirklin,M,1945-05-20,,,
DHR31BQN,GRT,Great Underwriting,1,1997-08-10,1997-08-10,2028-08-10,1500000.0,Lincoln Life,Dan Davis,M,1941-01-02,,,
Z8MCV5UJ,GRT,Great Underwriting,1,1997-08-10,1997-08-10,2028-08-10,1500000.0,Lincoln Life,Dan Davis,M,1941-01-02,,,
T3PCTLQ5,GRT,Great Underwriting,1,1997-08-10,1997-08-10,2028-08-10,1500000.0,Lincoln Life,Dan Davis,M,1941-01-02,,,
KSI7M9UNY,GRT,Great Underwriting,1,2008-02-27,2008-02-27,2065-02-27,1500000.0,Lincoln National,Bennett Jory,F,1946-07-21,,,
DETU7GRJN,GRT,Great Underwriting,1,2008-02-27,2008-02-27,2065-02-27,1500000.0,Lincoln National,Bennett Jory,F,1946-07-21,,,
P2LE7EXEU,GRT,Great Underwriting,1,2008-02-27,2008-02-27,2065-02-27,1500000.0,Lincoln National,Bennett Jory,F,1946-07-21,,,
VV20SX8,GRT,Great Underwriting,1,2001-04-23,2001-04-23,2056-04-22,892500.0,Lincoln National,Vincent Bauer,F,1943-06-24,,,
4FQBZJI,GRT,Great Underwriting,1,2001-04-23,2001-04-23,2056-04-22,892500.0,Lincoln National,Vincent Bauer,F,1943-06-24,,,
R9K8AQT,NIC,Nice Underwriting,2,2001-04-23,2001-04-23,,892500.0,,Vincent Bauer,F,1943-06-24,,,
HJKZZK2,NIC,Nice Underwriting,2,,,,20500000.0,Lincoln National,Patricia Lumpkin,F,1939-12-15,,,
CX4Y1BX,GRT,Great Underwriting,1,2003-10-10,2003-10-10,2100-03-12,20500000.0,Lincoln National,Patricia Lumpkin,F,1939-12-15,,,
BTGAUMR,GRT,Great Underwriting,1,2003-10-10,2003-10-10,2052-10-10,20500000.0,Lincoln National,Patricia Lumpkin,F,1939-12-15,,,
QSB9QOD,GRT,Great Underwriting,1,2003-10-10,2003-10-10,2052-10-10,20500000.0,Lincoln National,Patricia Lumpkin,F,1939-12-15,,,
86LNUT9,NIC,Nice Underwriting,2,2007-08-17,2007-08-17,,2500000.0,Lincoln National,Barbara Johnson,F,1958-11-22,,,
MUK75UT,GRT,Great Underwriting,1,2007-08-17,2007-08-15,2052-08-17,2500000.0,Lincoln National,Barbara Johnson,F,1958-11-22,,,
6FSA4CD,GRT,Great Underwriting,1,2007-08-17,2007-08-15,2052-08-17,2500000.0,Lincoln National,Barbara Johnson,F,1958-11-22,,,
2F19NW3Z,POP,Popular Underwriting,3,,2007-05-08,,4500000.0,Mass,Milagros Thornley,F,1933-08-20,,,
CJLR4O04,NIC,Nice Underwriting,2,2007-04-26,2007-04-26,,4500000.0,Massachusetts Mutual,Milagros Thornley,F,1933-08-20,,,
UGYD80X0,NIC,Nice Underwriting,2,2007-05-08,2007-05-08,,4500000.0,Massachusetts Mutual,Milagros Thornley,F,1933-08-20,,,
RSO3DPPL,NIC,Nice Underwriting,2,2006-03-30,2006-03-30,,850000.0,Massachusetts Mutual,Ronald Vassar,F,1954-07-27,,,
M8B8C1LB,GRT,Great Underwriting,1,2006-03-30,2006-11-03,2049-03-30,850000.0,Massachusetts Mutual,Ronald Vassar,F,1954-07-27,,,
4XXHZO1Z,GRT,Great Underwriting,1,2006-03-30,2006-11-03,2049-03-30,850000.0,Massachusetts Mutual,Ronald Vassar,F,1954-07-27,,,
R0X1MH3VDN,GRT,Great Underwriting,1,2006-03-22,2006-03-22,2030-03-22,2500000.0,Midland National,William Moore,F,1946-07-27,,,
Q3KMS8GJNE,GRT,Great Underwriting,1,2006-03-22,2006-03-22,2030-03-22,2500000.0,Midland National,William Moore,F,1946-07-27,,,
AW2V5L5F0J,NIC,Nice Underwriting,2,2006-03-22,2006-03-22,,2500000.0,Midland National,William Moore,F,1946-07-27,,,
6J3QBTZ6KT,NIC,Nice Underwriting,2,2000-08-12,2000-08-12,,4500000.0,Midland National,George Hilley,M,1955-02-01,Trent Carhart,M,1934-04-19
T2I70ZBUV3,GRT,Great Underwriting,1,2000-08-12,2000-08-12,2057-08-12,4500000.0,Midland National,George Hilley,M,1955-02-01,Trent Carhart,M,1934-04-19
8LRYDB8XW5,GRT,Great Underwriting,1,2000-08-12,2000-08-12,2057-08-12,4500000.0,Midland National,George Hilley,M,1955-02-01,Trent Carhart,M,1934-04-19
5IUK3UQZ,GRT,Great Underwriting,1,2002-08-11,2002-08-11,2054-08-11,1150000.0,Nassau Life,Elizabeth Johnson,M,1945-05-18,,,
XJYREM8X,GRT,Great Underwriting,1,2002-08-11,2002-08-11,2054-08-11,1150000.0,Nassau Life,Elizabeth Johnson,M,1945-05-18,,,
4593HOHN,GRT,Great Underwriting,1,2002-08-11,2002-08-11,2054-08-11,1150000.0,Nassau Life,Elizabeth Johnson,M,1945-05-18,,,
TQUBZ98L,NIC,Nice Underwriting,2,2002-08-11,2002-08-11,,1150000.0,Phoenix Life,Elizabeth Johnson,M,1945-05-18,,,
61DMFOMY,GRT,Great Underwriting,1,2005-12-08,2005-12-08,2027-12-08,5500000.0,Nassau Life,Linda Helms,F,1937-11-09,,,
70N22SIM,GRT,Great Underwriting,1,2005-12-08,2005-12-08,2027-12-08,5500000.0,Nassau Life,Linda Helms,F,1937-11-09,,,
1LC5I4BC,POP,Popular Underwriting,3,,2005-12-08,,5500000.0,Phoenix,Linda Helms,F,1937-11-09,,,
PNXG1L0H,NIC,Nice Underwriting,2,2005-12-06,2005-12-06,,5500000.0,Phoenix Life,Linda Helms,F,1937-11-09,,,
CXIX4TKK,NIC,Nice Underwriting,2,2002-02-20,2002-02-20,,1750000.0,New York,Teri Robinson,M,1952-04-26,,,
67PEI53E,GRT,Great Underwriting,1,2002-02-20,2002-03-08,2028-02-20,1750000.0,New York,Teri Robinson,M,1952-04-26,,,
7T0JDJ6Z,GRT,Great Underwriting,1,2002-02-20,2002-03-08,2028-02-20,1750000.0,New York,Teri Robinson,M,1952-04-26,,,
A0T88OC8,POP,Popular Underwriting,3,,,,1750000.0,NYL,Teri Robinson,M,1952-04-26,,,
CIFMKKKY6T,POP,Popular Underwriting,3,,,,1500000.0,North American,Leroy Primeaux,F,1939-08-15,,,
S4QLKJ7R6R,NIC,Nice Underwriting,2,2002-12-18,2002-12-18,,1500000.0,North American,Leroy Primeaux,F,1939-08-15,,,
VBT5LXWZ86,GRT,Great Underwriting,1,2002-12-18,2002-12-18,2030-12-18,1500000.0,North American,Leroy Primeaux,F,1939-08-15,,,
YSI3UUXFRN,GRT,Great Underwriting,1,2002-12-18,2002-12-18,2030-12-18,1500000.0,North American,Leroy Primeaux,F,1939-08-15,,,
GVGHCSYH8L,NIC,Nice Underwriting,2,2006-06-05,2006-06-05,,4500000.0,Pacific Life,Donald Toma,M,1958-01-15,,,
S4GXRFTCVF,GRT,Great Underwriting,1,2006-06-05,2006-06-05,2048-06-05,4500000.0,Pacific Life,Donald Toma,M,1958-01-15,,,
P40LBFH4S6,GRT,Great Underwriting,1,2006-06-05,2006-06-05,2048-06-05,4500000.0,Pacific Life,Donald Toma,M,1958-01-15,,,
D7TZDYNRZJ,GRT,Great Underwriting,1,2006-06-05,2006-06-05,2048-06-05,4500000.0,Pacific Life,Donald Toma,M,1958-01-15,,,
C7GHU5U6QZ,NIC,Nice Underwriting,2,2000-09-06,2000-09-06,,600000.0,Pacific Life,Lisa Rogers,F,1953-06-05,,,
ZII8F9AE2C,GRT,Great Underwriting,1,2000-09-06,2000-09-06,2046-09-06,665549.0,Pacific Life,Lisa Rogers,F,1953-06-05,,,
0C584OZTLE,GRT,Great Underwriting,1,2000-09-06,2000-09-06,2046-09-06,665549.0,Pacific Life,Lisa Rogers,F,1953-06-05,,,
YOERRSJA17,GRT,Great Underwriting,1,2000-09-06,2000-09-06,2046-09-06,665549.0,Pacific Life,Lisa Rogers,F,1953-06-05,,,
A9EDZUVH,NIC,Nice Underwriting,2,2006-09-28,2006-09-28,,1500000.0,PHL Variable,Mary Estevez,M,1958-03-26,,,
40U0FGIL,GRT,Great Underwriting,1,2006-09-28,2006-09-28,2049-09-28,1500000.0,PHL Variable,Mary Estevez,M,1958-03-26,,,
56CVV5ZB,GRT,Great Underwriting,1,2006-09-28,2006-09-28,2049-09-28,1500000.0,PHL Variable,Mary Estevez,M,1958-03-26,,,
I68ZOTIX,NIC,Nice Underwriting,2,2006-04-12,2006-04-12,,10500000.0,PHL Variable,Alfred Young,F,1954-03-16,,,
3BUCWEH8,GRT,Great Underwriting,1,2006-04-12,2006-04-12,2054-04-12,10500000.0,PHL Variable,Alfred Young,F,1954-03-16,,,
QCY0EFEG,GRT,Great Underwriting,1,2006-04-12,2006-04-12,2054-04-12,10500000.0,PHL Variable,Alfred Young,F,1954-03-16,,,
RIIBPS1L,GRT,Great Underwriting,1,2006-04-12,2006-04-12,2054-04-12,10500000.0,PHL Variable,Alfred Young,F,1954-03-16,,,
QQ6NKSQG,GRT,Great Underwriting,1,2006-03-30,2006-03-30,2041-03-30,2500000.0,PHL Variable,Diane Whalen,M,1931-08-30,,,
AVYO6QCO,GRT,Great Underwriting,1,2006-03-30,2006-03-30,2041-03-30,2500000.0,PHL Variable,Diane Whalen,M,1931-08-30,,,
VLFRVVAR,POP,Popular Underwriting,3,,2006-03-30,,2500000.0,Phoenix,Diane Whalen,M,1931-08-30,,,
HOP8ZBMB,NIC,Nice Underwriting,2,2006-03-30,2006-03-30,,2500000.0,Phoenix Life,Diane Whalen,M,1931-08-30,,,
NUGPI0J3,GRT,Great Underwriting,1,2007-02-14,2007-02-14,2052-02-14,10500000.0,PHL Variable,Elizabeth Atkinson,F,1934-09-05,,,
E0A84V9A,GRT,Great Underwriting,1,2007-02-14,2007-02-14,2052-02-14,10500000.0,PHL Variable,Elizabeth Atkinson,F,1934-09-05,,,
ZLLC0RMX,GRT,Great Underwriting,1,2007-02-14,2007-02-14,2052-02-14,10500000.0,PHL Variable,Elizabeth Atkinson,F,1934-09-05,,,
0BO75EF3,GRT,Great Underwriting,1,2007-02-14,2007-02-14,2052-02-14,10500000.0,PHL Variable,Elizabeth Atkinson,F,1934-09-05,,,
GAIFFLZDR,NIC,Nice Underwriting,2,1992-10-02,1992-10-02,,1250000.0,Protective Life,Sheila Lorusso,M,1943-10-14,,,
A3GMWP3HO,GRT,Great Underwriting,1,1992-10-02,1992-10-02,2032-10-02,1250000.0,Protective Life,Sheila Lorusso,M,1943-10-14,,,
10FIYASUU,GRT,Great Underwriting,1,1992-10-02,1992-10-02,2032-10-02,1250000.0,Protective Life,Sheila Lorusso,M,1943-10-14,,,
1YCP5X3AE,GRT,Great Underwriting,1,1992-10-02,1992-10-02,2032-10-02,1250000.0,Protective Life,Sheila Lorusso,M,1943-10-14,,,
AU7QLVBH,GRT,Great Underwriting,1,2008-12-01,2008-12-01,2058-12-01,1200000.0,Pruco Life,Tracy Madaras,M,1956-06-22,,,
YKIWYWO6,GRT,Great Underwriting,1,2008-12-01,2008-12-01,2058-12-01,1200000.0,Pruco Life,Tracy Madaras,M,1956-06-22,,,
I80MUYQ4,POP,Popular Underwriting,3,,2008-12-01,,1200000.0,Prudential,Tracy Madaras,M,1956-06-22,,,
6TCQOOVZ,POP,Popular Underwriting,3,,1994-12-11,,800000.0,Reassure,George Aguirre,F,1935-11-17,,,
ZTONP0OA,NIC,Nice Underwriting,2,1994-12-11,1994-12-11,,800000.0,Valley Forge,George Aguirre,F,1935-11-17,,,
FOLR8928,NIC,Nice Underwriting,2,1994-12-11,1994-12-11,,800000.0,Valley Forge,George Aguirre,F,1935-11-17,,,
82UAJRVAB1,NIC,Nice Underwriting,2,1998-06-02,1998-06-02,,1300000.0,ReliaStar Life,Harry Varner,F,1952-02-25,,,
VC92XX3WZE,GRT,Great Underwriting,1,1998-06-02,1998-08-18,2060-06-02,1300000.0,Reliastar Life,Harry Varner,F,1952-02-25,,,
FRQKLN2CJL,GRT,Great Underwriting,1,1998-06-02,1998-08-18,2060-06-02,1300000.0,Reliastar Life,Harry Varner,F,1952-02-25,,,
R71N3QX681,GRT,Great Underwriting,1,1998-06-02,1998-08-18,2060-06-02,1300000.0,Reliastar Life,Harry Varner,F,1952-02-25,,,
WAUWVVUTQN,GRT,Great Underwriting,1,1996-12-12,1997-01-06,2037-12-12,1500000.0,Reliastar Life,Rose Miyamoto,M,1954-07-24,Mark Brown,M,1953-07-20
GC8SMI1FON,GRT,Great Underwriting,1,1996-12-12,1997-01-06,2037-12-12,1500000.0,Reliastar Life,Rose Miyamoto,M,1954-07-24,Mark Brown,M,1953-07-20
4PR2DHN88E,GRT,Great Underwriting,1,1996-12-12,1997-01-06,2037-12-12,1500000.0,Reliastar Life,Rose Miyamoto,M,1954-07-24,Mark Brown,M,1953-07-20
5IHF8XE9ER,NIC,Nice Underwriting,2,1996-12-12,1996-12-12,,1500000.0,Reliastar Life,Rose Miyamoto,M,1954-07-24,Mark Brown,M,1953-07-20
91AQNQS6,GRT,Great Underwriting,1,2007-02-26,2007-02-26,2056-02-26,4500000.0,Reliastar Life,Clayton Friedman,M,1949-07-07,,,
9DUCAAWJ,GRT,Great Underwriting,1,2007-02-26,2007-02-26,2056-02-26,4500000.0,Reliastar Life,Clayton Friedman,M,1949-07-07,,,
PKARCZC1,GRT,Great Underwriting,1,2007-02-26,2007-02-26,2056-02-26,4500000.0,Reliastar Life,Clayton Friedman,M,1949-07-07,,,
1F3CV3MC,GRT,Great Underwriting,1,2007-02-26,2007-02-26,2056-02-26,4500000.0,Reliastar Life,Clayton Friedman,M,1949-07-07,,,
NPDYILU1,GRT,Great Underwriting,1,2007-03-08,2007-03-08,2055-03-08,15500000.0,Reliastar Life,James Mattison,M,1932-10-12,,,
TV1RDQJO,GRT,Great Underwriting,1,2007-03-08,2007-03-08,2055-03-08,15500000.0,Reliastar Life,James Mattison,M,1932-10-12,,,
PMFW2ACL,GRT,Great Underwriting,1,2007-03-08,2007-03-08,2055-03-08,15500000.0,Reliastar Life,James Mattison,M,1932-10-12,,,
4SYABMO2,GRT,Great Underwriting,1,2007-03-08,2007-03-08,2055-03-08,15500000.0,Reliastar Life,James Mattison,M,1932-10-12,,,
TND2N5D,GRT,Great Underwriting,1,1995-10-06,1995-10-06,2027-10-06,1800000.0,Security Life,Terri Peterson,M,1953-05-16,,,
41MZX5T,GRT,Great Underwriting,1,1995-10-06,1995-10-06,2027-10-06,1800000.0,Security Life,Terri Peterson,M,1953-05-16,,,
6A84NQH,NIC,Nice Underwriting,2,1995-10-06,1995-10-06,,1800000.0,Security Life,Terri Peterson,M,1953-05-16,,,
W85VL5Y,NIC,Nice Underwriting,2,1995-10-06,1995-10-06,,1800000.0,Security Life,Terri Peterson,M,1953-05-16,,,
IGGD7LR,GRT,Great Underwriting,1,2006-03-23,2006-03-23,2052-03-22,1000000.0,Security Life,Sylvia Jones,M,1955-10-03,,,
GONKH5D,GRT,Great Underwriting,1,2006-03-23,2006-03-23,2052-03-22,1000000.0,Security Life,Sylvia Jones,M,1955-10-03,,,
2BIWJB4,GRT,Great Underwriting,1,2006-03-23,2006-03-23,2052-03-22,1000000.0,Security Life,Sylvia Jones,M,1955-10-03,,,
AQD7XB4,POP,Popular Underwriting,3,,,,1722347.0,Security Mutual,Robin Champlin,F,1936-07-21,,,
USTXQOE,NIC,Nice Underwriting,2,2003-09-06,2003-09-06,,1762372.0,Security Mutual,Robin Champlin,F,1936-07-21,,,
FL6Q39L,GRT,Great Underwriting,1,2003-09-06,2003-12-07,2035-09-06,1722347.0,Security Mutual,Robin Champlin,F,1936-07-21,,,
2G7PPE7PE,GRT,Great Underwriting,1,1996-11-22,1996-11-22,2029-11-22,1500000.0,Standard Insurance,Randolph Grant,M,1939-09-27,,,
CJK1S7SWU,GRT,Great Underwriting,1,1996-11-22,1996-11-22,2029-11-22,1500000.0,Standard Insurance,Randolph Grant,M,1939-09-27,,,
LD220WTZR,GRT,Great Underwriting,1,1996-11-22,1996-11-22,2029-11-22,1500000.0,Standard Insurance,Randolph Grant,M,1939-09-27,,,
HLQ1Q10XF,POP,Popular Underwriting,3,,,,6291775.0,Sun Life,James Ray,F,1936-07-26,,,
IHQ0SCQLV,GRT,Great Underwriting,1,1994-02-14,1994-02-14,,6291775.0,Sun Life,James Ray,F,1936-07-26,,,
3D7L71CFT,NIC,Nice Underwriting,2,1994-02-14,1994-02-14,,6291775.0,Sun Life,James Ray,F,1936-07-26,,,
0D49R54,NIC,Nice Underwriting,2,2000-12-14,2000-12-14,,1000000.0,The State,Eric Yearout,M,1944-03-08,,,
BFJLX6A,NIC,Nice Underwriting,2,2000-12-14,2000-12-14,,1000000.0,The State,Eric Yearout,M,1944-03-08,,,
OEHUAFO,NIC,Nice Underwriting,2,2000-12-14,2000-12-14,,1000000.0,The State,Eric Yearout,M,1944-03-08,,,
PUS6P9N,NIC,Nice Underwriting,2,2000-12-14,2000-12-14,,1000000.0,The State,Eric Yearout,M,1944-03-08,,,
G1KA2W2A,NIC,Nice Underwriting,2,1999-02-12,1999-02-12,,7750000.0,The United,Cheryl Kuhn,M,1944-07-12,,,
EC0TBQ1H,NIC,Nice Underwriting,2,,,,7700000.0,The United,Cheryl Kuhn,M,1944-07-12,,,
KXVYI5ZV,POP,Popular Underwriting,3,,1999-02-12,,7750000.0,US Life,Cheryl Kuhn,M,1944-07-12,,,
7YG3TYQUEO,NIC,Nice Underwriting,2,2004-08-19,2004-08-19,,3000000.0,The United,Curtis Jones,M,1959-12-26,,,
VKHAL5QBFY,GRT,Great Underwriting,1,2004-08-19,2004-08-19,2034-08-19,3000000.0,United States,Curtis Jones,M,1959-12-26,,,
2HVUTDUXVD,GRT,Great Underwriting,1,2004-08-19,2004-08-19,2034-08-19,3000000.0,United States,Curtis Jones,M,1959-12-26,,,
2TCNWD7Q,POP,Popular Underwriting,3,,2007-07-06,,2500000.0,Trans,Patricia Hemmingsen,M,1941-06-06,,,
CZ4XK7A3,GRT,Great Underwriting,1,2007-07-25,2007-07-06,2056-07-25,2500000.0,Transamerica Life,Patricia Hemmingsen,M,1941-06-06,,,
23J8GC8K,GRT,Great Underwriting,1,2007-07-25,2007-07-06,2056-07-25,2500000.0,Transamerica Life,Patricia Hemmingsen,M,1941-06-06,,,
LV9VJWTR,NIC,Nice Underwriting,2,2007-07-06,2007-07-06,,2500000.0,Transamerica Life,Patricia Hemmingsen,M,1941-06-06,,,
F8FNFDJZ,POP,Popular Underwriting,3,,,,3000000.0,Trans,Brandi Davis,M,1932-05-14,,,
E9C5QLXJ,GRT,Great Underwriting,1,2007-02-17,2007-05-11,2043-02-17,3000000.0,Transamerica Life,Brandi Davis,M,1932-05-14,,,
VSOU5BZD,NIC,Nice Underwriting,2,2007-02-17,2007-02-17,,3000000.0,Transamerica Life,Brandi Davis,M,1932-05-14,,,
ZV6TF3PA,POP,Popular Underwriting,3,,,,5500000.0,Trans,Delores Swatzell,M,1959-05-28,,,
GJH5M57U,GRT,Great Underwriting,1,2008-07-27,2008-06-04,2050-07-27,5500000.0,Transamerica Life,Delores Swatzell,M,1959-05-28,,,
Z15OAFCN,GRT,Great Underwriting,1,2008-07-27,2008-06-04,2050-07-27,5500000.0,Transamerica Life,Delores Swatzell,M,1959-05-28,,,
IO9XWDQR,POP,Popular Underwriting,3,,2008-05-08,,3000000.0,Trans,Darius King,F,1957-10-16,,,
J0Q3WDRT,GRT,Great Underwriting,1,2008-05-08,2008-05-08,2044-05-08,3000000.0,Transamerica Life,Darius King,F,1957-10-16,,,
II1FFS7Q,GRT,Great Underwriting,1,2008-05-08,2008-05-08,2044-05-08,3000000.0,Transamerica Life,Darius King,F,1957-10-16,,,
8916XCZS,POP,Popular Underwriting,3,,2005-10-19,,11500000.0,Trans,Sue Vernon,F,1946-08-05,,,
GSESLJ6U,GRT,Great Underwriting,1,2005-10-19,2005-10-19,2046-10-19,11500000.0,Transamerica Life,Sue Vernon,F,1946-08-05,,,
IMGJ3RNE,GRT,Great Underwriting,1,2005-10-19,2005-10-19,2046-10-19,11500000.0,Transamerica Life,Sue Vernon,F,1946-08-05,,,
18TM7K9J,GRT,Great Underwriting,1,1994-06-21,1994-06-21,2041-06-21,2500000.0,Transamerica Financial,Judy Peake,F,1957-01-27,,,
ZIXYT3KN,GRT,Great Underwriting,1,1994-06-21,1994-06-21,2041-06-21,2500000.0,Transamerica Financial,Judy Peake,F,1957-01-27,,,
66SGK33C,NIC,Nice Underwriting,2,1994-06-21,1994-06-21,,2500000.0,Transamerica Life,Judy Peake,F,1957-01-27,,,
5W82HRJR,GRT,Great Underwriting,1,1997-03-15,1997-03-15,2028-03-14,1000000.0,Transamerica Life,Henry Bueno,M,1956-11-02,,,
DH0LT9XI,GRT,Great Underwriting,1,1997-03-15,1997-03-15,2028-03-14,1000000.0,Transamerica Life,Henry Bueno,M,1956-11-02,,,
WSRI995M,GRT,Great Underwriting,1,1997-03-15,1997-03-15,2028-03-14,1000000.0,Transamerica Life,Henry Bueno,M,1956-11-02,,,
P4R5BX0S,NIC,Nice Underwriting,2,1997-03-15,1997-03-15,,1000000.0,Transamerica Occidental,Henry Bueno,M,1956-11-02,,,
IMGA43Z0,GRT,Great Underwriting,1,2006-05-02,2006-05-02,2057-05-02,5500000.0,Transamerica Life,David Musick,M,1933-06-10,,,
XHSKD2EL,GRT,Great Underwriting,1,2006-05-11,2006-05-02,2057-05-02,5500000.0,Transamerica Life,David Musick,M,1933-06-10,,,
FZIPZYV9,GRT,Great Underwriting,1,2006-05-11,2006-05-02,2057-05-02,5500000.0,Transamerica Life,David Musick,M,1933-06-10,,,
DB8XHWLW,NIC,Nice Underwriting,2,2006-05-02,2006-05-02,,5500000.0,Transamerica Occidental,David Musick,M,1933-06-10,,,
UUB1KIAY,GRT,Great Underwriting,1,2006-08-01,2006-07-04,2062-08-01,3000000.0,Transamerica Life,John Goessl,M,1940-03-10,,,
KML1EXMN,GRT,Great Underwriting,1,2006-08-01,2006-07-04,2062-08-01,3000000.0,Transamerica Life,John Goessl,M,1940-03-10,,,
7Y88JE5X,GRT,Great Underwriting,1,2006-08-01,2006-07-04,2062-08-01,3000000.0,Transamerica Life,John Goessl,M,1940-03-10,,,
SJZ9CB9P,GRT,Great Underwriting,1,2005-11-29,2005-11-21,2050-11-29,10500000.0,Transamerica Life,Louella Irizarry,M,1953-07-29,,,
WBLNB8ZP,GRT,Great Underwriting,1,2005-11-29,2005-11-21,2050-11-29,10500000.0,Transamerica Life,Louella Irizarry,M,1953-07-29,,,
VY18MN36,NIC,Nice Underwriting,2,2005-11-29,2005-11-29,,10500000.0,Transamerica Occidental,Louella Irizarry,M,1953-07-29,,,
ICK93ZDS,GRT,Great Underwriting,1,1991-10-04,1991-10-04,2022-10-04,850000.0,Transamerica Life,Lisa Kolb,F,1951-10-18,,,
JKZT9JAU,NIC,Nice Underwriting,2,1991-10-04,1991-10-04,,850000.0,Transamerica Occidental,Lisa Kolb,F,1951-10-18,,,
4MVAA7MX,NIC,Nice Underwriting,2,1991-10-04,1991-10-04,,850000.0,Transamerica Occidental,Lisa Kolb,F,1951-10-18,,,
0RJTVERJ,GRT,Great Underwriting,1,1997-03-30,1997-03-30,2031-03-30,2500000.0,Transamerica Life,Kim Black,F,1956-09-12,Anne Garcia,M,1936-09-29
AQO5C9KN,GRT,Great Underwriting,1,1997-03-30,1997-03-30,2031-03-30,2500000.0,Transamerica Life,Kim Black,F,1956-09-12,Anne Garcia,M,1936-09-29
C2557H7E,NIC,Nice Underwriting,2,1997-03-30,1997-03-30,,2500000.0,Transamerica Life,Kim Black,F,1956-09-12,Anne Garcia,M,1936-09-29
DH3C96N1,GRT,Great Underwriting,1,1998-07-04,1998-07-04,2032-07-04,750000.0,Transamerica Life,Bob Cox,F,1931-09-01,,,
JLX2LV50,NIC,Nice Underwriting,2,1998-07-04,1998-07-04,,750000.0,Transamerica Occidental,Bob Cox,F,1931-09-01,,,
TE6U5M96,NIC,Nice Underwriting,2,1998-07-04,1998-07-04,,747215.0,Transamerica Occidental,Bob Cox,F,1931-09-01,,,
4NMSFNX7,GRT,Great Underwriting,1,2006-12-01,2006-11-17,2049-12-01,1250000.0,Transamerica Life,Donna Wilson,M,1942-11-06,,,
V9ITL642,GRT,Great Underwriting,1,2006-12-01,2006-11-17,2049-12-01,1250000.0,Transamerica Life,Donna Wilson,M,1942-11-06,,,
1IZ1PHIA,NIC,Nice Underwriting,2,2006-11-17,2006-11-17,,1250000.0,Transamerica Occidental,Donna Wilson,M,1942-11-06,,,
DRGZHJPT,NIC,Nice Underwriting,2,2002-05-01,2002-05-01,,1150000.0,Transamerica Occidental,Rose Jones,F,1947-06-11,,,
9RCQNB47,NIC,Nice Underwriting,2,2002-05-01,2002-05-01,,1150000.0,Transamerica Occidental,Rose Jones,F,1947-06-11,,,
OIVJQDCG,NIC,Nice Underwriting,2,2001-11-01,2001-11-01,,1150000.0,Transamerica Occidental,Rose Jones,F,1947-06-11,,,
SKBF38JIT,GRT,Great Underwriting,1,2003-01-31,2003-01-31,2031-01-31,6500000.0,West Coast,Kristie Hardy,M,1944-01-31,Gloria Murray,F,1931-09-27
34LIZY3ET,GRT,Great Underwriting,1,2003-01-31,2003-01-31,2031-01-31,6500000.0,West Coast,Kristie Hardy,M,1944-01-31,Gloria Murray,F,1931-09-27
EMPC58JJY,GRT,Great Underwriting,1,2003-01-31,2003-01-31,2031-01-31,6500000.0,West Coast,Kristie Hardy,M,1944-01-31,Gloria Murray,F,1931-09-27
2K4OW13NZ,NIC,Nice Underwriting,2,2003-01-11,2003-01-11,,6500000.0,West Coast,Kristie Hardy,M,1944-01-31,Gloria Murray,F,1931-09-27
30V3DXCQ9P,NIC,Nice Underwriting,2,1987-05-04,1987-05-04,,1000000.0,William Penn,Joseph Yocum,M,1955-11-09,,,
QB5GA0S044,NIC,Nice Underwriting,2,1987-05-04,1987-05-04,,1000000.0,William Penn,Joseph Yocum,M,1955-11-09,,,
Q7JCJ78W5G,NIC,Nice Underwriting,2,1987-05-04,1987-05-04,,1000000.0,William Penn,Joseph Yocum,M,1955-11-09,,,
UA2NLB6RAG,NIC,Nice Underwriting,2,1987-05-04,1987-05-04,,1000000.0,William Penn,Joseph Yocum,M,1955-11-09,,,
